
CREATE EXTENSION IF NOT EXISTS "uuid-ossp";

-- PERMISSIONS
INSERT INTO Permissions (id, action) VALUES 
        
        -- INVOICES (SALES LEDGER)
        ('00000000-0000-0000-0000-000000000001', 'CREATE_INVOICE'),
        ('00000000-0000-0000-0000-000000000002', 'VIEW_OWN_INVOICES'),
        ('00000000-0000-0000-0000-000000000049', 'VIEW_OWN_INVOICES_LIST'),
        ('00000000-0000-0000-0000-000000000003', 'VIEW_ALL_INVOICES'),
        ('00000000-0000-0000-0000-000000000050', 'VIEW_ALL_INVOICES_LIST'),
        ('00000000-0000-0000-0000-000000000004', 'DELETE_OWN_INVOICES'),
        ('00000000-0000-0000-0000-000000000005', 'DELETE_ALL_INVOICES'),
        ('00000000-0000-0000-0000-000000000006', 'APPROVE_ALL_INVOICES'),
        ('00000000-0000-0000-0000-000000000007', 'REJECT_ALL_INVOICES'),
        ('00000000-0000-0000-0000-000000000031', 'CANCEL_OWN_INVOICES'),
        ('00000000-0000-0000-0000-000000000008', 'CANCEL_ALL_INVOICES'),
        
        -- USERS 
        ('00000000-0000-0000-0000-000000000045', 'VIEW_ALL_USERS_LIST'),
        ('00000000-0000-0000-0000-000000000009', 'VIEW_ALL_USERS'),
        ('00000000-0000-0000-0000-000000000010', 'CREATE_ALL_USERS'),
        ('00000000-0000-0000-0000-000000000011', 'UPDATE_ALL_USERS'),
        ('00000000-0000-0000-0000-000000000012', 'DELETE_ALL_USERS'),

        -- SERVICES
        ('00000000-0000-0000-0000-000000000046', 'VIEW_ALL_SERVICES_LIST'),
        ('00000000-0000-0000-0000-000000000013', 'VIEW_ALL_SERVICES'),
        ('00000000-0000-0000-0000-000000000014', 'CREATE_ALL_SERVICES'),
        ('00000000-0000-0000-0000-000000000015', 'UPDATE_ALL_SERVICES'),
        ('00000000-0000-0000-0000-000000000016', 'DELETE_ALL_SERVICES'),

        -- COMPANIES
        ('00000000-0000-0000-0000-000000000047', 'VIEW_ALL_COMPANIES_LIST'),
        ('00000000-0000-0000-0000-000000000017', 'VIEW_ALL_COMPANIES'),
        ('00000000-0000-0000-0000-000000000018', 'CREATE_ALL_COMPANIES'),
        ('00000000-0000-0000-0000-000000000019', 'UPDATE_ALL_COMPANIES'),
        ('00000000-0000-0000-0000-000000000020', 'DELETE_ALL_COMPANIES'),

        -- ROLES
        ('00000000-0000-0000-0000-000000000048', 'VIEW_ALL_ROLES_LIST'),
        ('00000000-0000-0000-0000-000000000021', 'VIEW_ALL_ROLES'),
        ('00000000-0000-0000-0000-000000000022', 'CREATE_ALL_ROLES'),
        ('00000000-0000-0000-0000-000000000023', 'UPDATE_ALL_ROLES'),
        ('00000000-0000-0000-0000-000000000024', 'DELETE_ALL_ROLES'),
        ('00000000-0000-0000-0000-000000000025', 'ADD_USER_ROLE'),
        ('00000000-0000-0000-0000-000000000026', 'DELETE_USER_ROLE'),
        ('00000000-0000-0000-0000-000000000044', 'VIEW_USER_ROLES'),

        -- LOGS
        ('00000000-0000-0000-0000-000000000027', 'VIEW_ALL_LOGS');

INSERT INTO Roles (id, title, created_at) VALUES 
        ('00000000-0000-0000-0000-000000000028', 'ADMINISTRATOR', now()),
        ('00000000-0000-0000-0000-000000000029', 'OPERATOR', now()),
        ('00000000-0000-0000-0000-000000000030', 'FINANCE', now());
    
INSERT INTO RolePermissions (id, role_id, permission_id, created_at) VALUES 
        (uuid_generate_v4(), '00000000-0000-0000-0000-000000000028', '00000000-0000-0000-0000-000000000001', now()),
        (uuid_generate_v4(), '00000000-0000-0000-0000-000000000028', '00000000-0000-0000-0000-000000000002', now()),
        (uuid_generate_v4(), '00000000-0000-0000-0000-000000000028', '00000000-0000-0000-0000-000000000003', now()),
        (uuid_generate_v4(), '00000000-0000-0000-0000-000000000028', '00000000-0000-0000-0000-000000000004', now()),
        (uuid_generate_v4(), '00000000-0000-0000-0000-000000000028', '00000000-0000-0000-0000-000000000005', now()),
        (uuid_generate_v4(), '00000000-0000-0000-0000-000000000028', '00000000-0000-0000-0000-000000000006', now()),
        (uuid_generate_v4(), '00000000-0000-0000-0000-000000000028', '00000000-0000-0000-0000-000000000007', now()),
        (uuid_generate_v4(), '00000000-0000-0000-0000-000000000028', '00000000-0000-0000-0000-000000000008', now()),
        (uuid_generate_v4(), '00000000-0000-0000-0000-000000000028', '00000000-0000-0000-0000-000000000009', now()),
        (uuid_generate_v4(), '00000000-0000-0000-0000-000000000028', '00000000-0000-0000-0000-000000000010', now()),
        (uuid_generate_v4(), '00000000-0000-0000-0000-000000000028', '00000000-0000-0000-0000-000000000011', now()),
        (uuid_generate_v4(), '00000000-0000-0000-0000-000000000028', '00000000-0000-0000-0000-000000000012', now()),
        (uuid_generate_v4(), '00000000-0000-0000-0000-000000000028', '00000000-0000-0000-0000-000000000013', now()),
        (uuid_generate_v4(), '00000000-0000-0000-0000-000000000028', '00000000-0000-0000-0000-000000000014', now()),
        (uuid_generate_v4(), '00000000-0000-0000-0000-000000000028', '00000000-0000-0000-0000-000000000015', now()),
        (uuid_generate_v4(), '00000000-0000-0000-0000-000000000028', '00000000-0000-0000-0000-000000000016', now()),
        (uuid_generate_v4(), '00000000-0000-0000-0000-000000000028', '00000000-0000-0000-0000-000000000017', now()),
        (uuid_generate_v4(), '00000000-0000-0000-0000-000000000028', '00000000-0000-0000-0000-000000000018', now()),
        (uuid_generate_v4(), '00000000-0000-0000-0000-000000000028', '00000000-0000-0000-0000-000000000019', now()),
        (uuid_generate_v4(), '00000000-0000-0000-0000-000000000028', '00000000-0000-0000-0000-000000000020', now()),
        (uuid_generate_v4(), '00000000-0000-0000-0000-000000000028', '00000000-0000-0000-0000-000000000021', now()),
        (uuid_generate_v4(), '00000000-0000-0000-0000-000000000028', '00000000-0000-0000-0000-000000000022', now()),
        (uuid_generate_v4(), '00000000-0000-0000-0000-000000000028', '00000000-0000-0000-0000-000000000023', now()),
        (uuid_generate_v4(), '00000000-0000-0000-0000-000000000028', '00000000-0000-0000-0000-000000000024', now()),
        (uuid_generate_v4(), '00000000-0000-0000-0000-000000000028', '00000000-0000-0000-0000-000000000025', now()),
        (uuid_generate_v4(), '00000000-0000-0000-0000-000000000028', '00000000-0000-0000-0000-000000000026', now()),
        (uuid_generate_v4(), '00000000-0000-0000-0000-000000000028', '00000000-0000-0000-0000-000000000044', now()),
        (uuid_generate_v4(), '00000000-0000-0000-0000-000000000028', '00000000-0000-0000-0000-000000000045', now()),
        (uuid_generate_v4(), '00000000-0000-0000-0000-000000000028', '00000000-0000-0000-0000-000000000046', now()),
        (uuid_generate_v4(), '00000000-0000-0000-0000-000000000028', '00000000-0000-0000-0000-000000000047', now()),
        (uuid_generate_v4(), '00000000-0000-0000-0000-000000000028', '00000000-0000-0000-0000-000000000048', now()),
        (uuid_generate_v4(), '00000000-0000-0000-0000-000000000028', '00000000-0000-0000-0000-000000000049', now()),
        (uuid_generate_v4(), '00000000-0000-0000-0000-000000000028', '00000000-0000-0000-0000-000000000050', now()),

        (uuid_generate_v4(), '00000000-0000-0000-0000-000000000029', '00000000-0000-0000-0000-000000000001', now()),
        (uuid_generate_v4(), '00000000-0000-0000-0000-000000000029', '00000000-0000-0000-0000-000000000002', now()),
        (uuid_generate_v4(), '00000000-0000-0000-0000-000000000029', '00000000-0000-0000-0000-000000000004', now()),
        (uuid_generate_v4(), '00000000-0000-0000-0000-000000000029', '00000000-0000-0000-0000-000000000031', now()),
        (uuid_generate_v4(), '00000000-0000-0000-0000-000000000029', '00000000-0000-0000-0000-000000000045', now()),
        (uuid_generate_v4(), '00000000-0000-0000-0000-000000000029', '00000000-0000-0000-0000-000000000046', now()),
        (uuid_generate_v4(), '00000000-0000-0000-0000-000000000029', '00000000-0000-0000-0000-000000000047', now()),
        (uuid_generate_v4(), '00000000-0000-0000-0000-000000000029', '00000000-0000-0000-0000-000000000049', now()),

        (uuid_generate_v4(), '00000000-0000-0000-0000-000000000030', '00000000-0000-0000-0000-000000000003', now()),
        (uuid_generate_v4(), '00000000-0000-0000-0000-000000000030', '00000000-0000-0000-0000-000000000002', now()),
        (uuid_generate_v4(), '00000000-0000-0000-0000-000000000030', '00000000-0000-0000-0000-000000000004', now()),
        (uuid_generate_v4(), '00000000-0000-0000-0000-000000000030', '00000000-0000-0000-0000-000000000006', now()),
        (uuid_generate_v4(), '00000000-0000-0000-0000-000000000030', '00000000-0000-0000-0000-000000000007', now()),
        (uuid_generate_v4(), '00000000-0000-0000-0000-000000000030', '00000000-0000-0000-0000-000000000008', now()),
        (uuid_generate_v4(), '00000000-0000-0000-0000-000000000029', '00000000-0000-0000-0000-000000000045', now()),
        (uuid_generate_v4(), '00000000-0000-0000-0000-000000000030', '00000000-0000-0000-0000-000000000046', now()),
        (uuid_generate_v4(), '00000000-0000-0000-0000-000000000030', '00000000-0000-0000-0000-000000000047', now());

INSERT INTO Companies (id, title, created_at) VALUES 
        ('00000000-0000-0000-0000-000000000032', 'Company 1', now()),
        ('00000000-0000-0000-0000-000000000033', 'Company 2', now()),
        ('00000000-0000-0000-0000-000000000034', 'Company 3', now()),
        ('00000000-0000-0000-0000-000000000035', 'Company 4', now());

INSERT INTO Services (id, company_id, title, price, created_at) VALUES 
        ('00000000-0000-0000-0000-000000000040', '00000000-0000-0000-0000-000000000032', 'Service 1', 100, now()),
        ('00000000-0000-0000-0000-000000000041', '00000000-0000-0000-0000-000000000033', 'Service 2', 200, now()),
        ('00000000-0000-0000-0000-000000000042', '00000000-0000-0000-0000-000000000034', 'Service 3', 300, now()),
        ('00000000-0000-0000-0000-000000000043', '00000000-0000-0000-0000-000000000035', 'Service 4', 400, now());

INSERT INTO Users (id, first_name,last_name, NSID, birthdate, email, password, created_at) VALUES 
        ('00000000-0000-0000-0000-000000000036', 'Administrator', 'User', '1234567890', '2000-01-01', 'admin@example.com', 'password1', now()),
        ('00000000-0000-0000-0000-000000000037', 'Operator', 'User', '1234567891', '2000-01-01', 'operator@example.com', 'password2', now()),
        ('00000000-0000-0000-0000-000000000038', 'Finance', 'User', '1234567892', '2000-01-01', 'finance@example.com', 'password3', now()),
        ('00000000-0000-0000-0000-000000000039', 'User', 'User', '1234567893', '2000-01-01', 'user@example.com', 'password4', now());

INSERT INTO UserRoles (id, user_id, role_id, created_at) VALUES 
        (uuid_generate_v4(), '00000000-0000-0000-0000-000000000036', '00000000-0000-0000-0000-000000000028', now()),
        (uuid_generate_v4(), '00000000-0000-0000-0000-000000000037', '00000000-0000-0000-0000-000000000029', now()),
        (uuid_generate_v4(), '00000000-0000-0000-0000-000000000038', '00000000-0000-0000-0000-000000000030', now());